name,number,class
Prateek Pandey,934093975,
Prateek Pandey,934093975,
Prateek Pandey,934093975,
Lucky Pandey,934093975,
,,
,,
,,
,,
,,
,,
,,
,,
Prateek Pandey,,
RAvi shukal,9474744747,ravi@gmail.com
Neha Singh,934093975,neha@gmail.com
Praiya,9494949,Pandeyprateek528@gmail.com
PP,494,4494@gmail.com
,,
vyas12,934093975,Pandeyprateek528@gmail.com
nikhil sen,9494949449,nikhil@gmail.com
suraj singh,9449473939,suraj@gmailcom
nhkhil shukal,32332322323,Pandeyprateek528@gmail.com
,,
Prateek Pandey,934093975,
eererrere,934093975,Pandeyprateek528@gmail.com
Prateek Pandey,934093975,Pandeyprateek528@gmail.com
Prateek Pandey,934093975,Pandeyprateek528@gmail.com
rupa,94949449,rupa@gmail.com
dkdkd,44949,494@gmail.com
Prateek Pandey,934093975,9340939715@gmail.com
,,
vyas12,934093975,9340939715@gmail.com
dkdk,934093975,Pandeyprateeek528@gmail.com
vyass,1.54545E+15,Pandeyprateek528@gmail.com
rubi,934093975,Pandeyprateek528@gmail.com
rehal,934093975,priyank.cam@gmail.com
Prateek Pandey,934093975,4494@gmail.com
